"Label","Task","annotation_id","annotator","created_at","id","lead_time","sentiment","updated_at"
"B-Date,O,O,O,B-Task,O,B-Task,I-Task,O,B-Task,I-Task","tomorrow i have to send the document for the aug lunch",4,"1","2025-04-12T09:20:32.234434Z",19,18.043,"Work","2025-04-12T09:20:32.234434Z"
"B-Task,I-Task,I-Task,I-Task,I-Task,O,B-Date,I-Date,O,B-Time,I-Time","wrap up Gal's medical prescriptions on june 21st at 1:15 a.m..",5,"1","2025-04-12T09:20:46.218374Z",20,13.638,"Health","2025-04-12T09:20:46.218374Z"
"B-Task,I-Task,I-Task,I-Task,O,B-Date,I-Date","design Daniel's party gift before march 11th",6,"1","2025-04-12T09:21:07.912242Z",21,8.014,"Personal","2025-04-12T09:21:07.912242Z"
"B-Task,I-Task,O,B-Task,I-Task,I-Task,O,O,O,O,B-Date,I-Date,O,B-Time","look into the monthly expense summary by the deadline on march 12th at 8:45",7,"1","2025-04-12T09:21:20.945402Z",22,12.7,"Work","2025-04-12T09:21:20.945402Z"
"B-Task,O,B-Task,I-Task,O,B-Date,I-Date,O,B-Time","update a doctor appointment on feb 16th around noon",8,"1","2025-04-12T09:21:27.522850Z",23,6.209,"Health","2025-04-12T09:21:27.522850Z"
"B-Task,I-Task,I-Task,O,B-Task,O,O,B-Time,O,B-Date,I-Date","prepare summary for the parade scheduled at noon on november 26th",9,"1","2025-04-12T09:21:35.200952Z",24,7.372,"Personal","2025-04-12T09:21:35.200952Z"
"B-Task,I-Task,I-Task,I-Task,I-Task,I-Task,I-Task,I-Task,O,O,B-Date,I-Date,I-Date","finish reading chapter ten of trade show book until the 26th of september",10,"1","2025-04-12T09:21:40.720994Z",25,5.203,"School","2025-04-12T09:21:40.720994Z"
"O,O,O,B-Task,O,B-Task,I-Task,I-Task,O,B-Date,O,B-Time,I-Time","remind me to complete the team meeting report before Tuesday at 7:45 p.m.",11,"1","2025-04-12T09:21:45.510659Z",26,4.476,"Work","2025-04-12T09:21:45.510659Z"
"O,O,B-Task,I-Task,I-Task,I-Task,I-Task,I-Task,I-Task,O,O,B-Date,B-Time","Remember to check with Dana about the training session scheduled for Thursday noon",12,"1","2025-04-12T09:21:55.565214Z",27,9.746,"Work","2025-04-12T09:21:55.565214Z"
"B-Task,I-Task,O,B-Task,I-Task,I-Task,O,O,O,O,B-Date,I-Date,O,B-Time","follow up the monthly expense summary by the deadline on feb 20th at 1:10",13,"1","2025-04-12T09:22:00.803843Z",28,4.915,"Work","2025-04-12T09:22:00.803843Z"
"B-Task,I-Task,I-Task,B-Date,O,B-Time,I-Time","share observance tickets tomorrow at 6:10 AM.",14,"1","2025-04-12T09:22:04.833082Z",29,3.587,"Personal","2025-04-12T09:22:04.833082Z"
"O,O,O,B-Task,I-Task,I-Task,O,O,O,O,O,B-Date","i need to coordinate chapter 6 of the biology textbook by Wednesday.",15,"1","2025-04-12T09:22:09.581020Z",30,4.394,"School","2025-04-12T09:22:09.581020Z"
"B-Task,I-Task,O,O,B-Task,O,O,B-Date,I-Date,I-Date","complete Jennifer for his graduation which is tomorrow next week",16,"1","2025-04-12T09:22:25.943709Z",31,16.049,"Personal","2025-04-12T09:22:25.943709Z"
"B-Task,I-Task,I-Task,O,B-Task,O,O,B-Time,O,B-Date,I-Date","manage mockup for the wedding scheduled at noon on february 29th",17,"1","2025-04-12T09:22:45.403124Z",32,19.127,"Personal","2025-04-12T09:22:45.403124Z"
"B-Task,I-Task,O,O,B-Task,O,O,B-Date,I-Date,I-Date,O,B-Time,I-Time","study Tahel on her rally which is on the 26th at 12 PM.",18,"1","2025-04-12T09:22:49.553976Z",33,3.837,"Personal","2025-04-12T09:22:49.553976Z"
"O,O,O,B-Task,I-Task,I-Task,O,B-Date","i need to prioritize a clock by Saturday.",19,"1","2025-04-12T09:22:56.053573Z",34,6.174,"Household","2025-04-12T09:22:56.053573Z"
"O,B-Date,I-Date,O,B-Time,B-Task,O,B-Task,I-Task,I-Task","on jul 19th at 14 coordinate the project board meeting",20,"1","2025-04-12T09:23:05.782805Z",35,9.422,"Work","2025-04-12T09:23:05.782805Z"
"B-Task,I-Task,O,B-Task,I-Task,O,B-Date","finalize for the panel discussion on Thursday",21,"1","2025-04-12T09:23:09.700428Z",36,3.595,"Work","2025-04-12T09:23:09.700428Z"
"B-Task,O,B-Task,I-Task,I-Task,I-Task,B-Date,I-Date","prioritize the new dishes about onboarding next Monday",22,"1","2025-04-12T09:23:24.420792Z",37,14.409,"Work","2025-04-12T09:23:24.420792Z"
"O,O,O,B-Task,O,B-Task,I-Task,I-Task,I-Task,O,B-Time,O,B-Date","i need to confirm the trade show in Ericshire after 3:30 this Saturday",23,"1","2025-04-12T09:23:36.569039Z",38,11.819,"Work","2025-04-12T09:23:36.569039Z"
"O,O,O,B-Task,O,B-Task,I-Task,I-Task,I-Task,O,B-Time,O,B-Date","i need to prepare the team meeting in Laurieville after 6:00 this Tuesday",24,"1","2025-04-12T09:23:39.653164Z",39,2.768,"Work","2025-04-12T09:23:39.653164Z"
"O,B-Date,I-Date,O,B-Time,B-Task,O,B-Task,I-Task,I-Task","on february 3rd at 3 send the project panel discussion",25,"1","2025-04-12T09:23:47.702563Z",40,7.737,"Work","2025-04-12T09:23:47.702563Z"
"B-Task,O,B-Task,I-Task,O,B-Date,I-Date,O,B-Time","complete a apple follow-up by the 3rd in 17",26,"1","2025-04-12T09:23:58.235342Z",41,10.218,"Work","2025-04-12T09:23:58.235342Z"
"B-Task,I-Task,I-Task,I-Task,I-Task,O,B-Task,I-Task,O,O,B-Date,I-Date,I-Date,O,B-Time,I-Time","set up the mockup for the team lunch that is in 1 weeks at 12:30 pm",27,"1","2025-04-12T09:24:01.578621Z",42,3.03,"Work","2025-04-12T09:24:01.578621Z"
"B-Task,O,B-Task,I-Task,O,B-Task,I-Task,O,O,O,B-Date,O,B-Time","update a taxi for the trade show on Monday by tomorrow at 7:45",28,"1","2025-04-12T09:24:11.571523Z",43,9.653,"Work","2025-04-12T09:24:11.571523Z"
"O,O,O,B-Task,I-Task,I-Task,I-Task,O,B-Task,I-Task,O,B-Date","i need to attend a computer for the board meeting by Tuesday.",29,"1","2025-04-12T09:24:16.803242Z",44,4.91,"Work","2025-04-12T09:24:16.803242Z"
"B-Task,I-Task,I-Task,O,B-Task,I-Task,O,B-Date,O,B-Time","test shopping for the project timeline this Friday at eight",30,"1","2025-04-12T09:24:25.476873Z",45,8.056,"Personal","2025-04-12T09:24:25.476873Z"
"B-Task,I-Task,I-Task,O,B-Task,I-Task,O,B-Date,O,B-Time","book movie for the trade show this Tuesday at 9",31,"1","2025-04-12T09:24:50.299788Z",46,24.43,"Personal","2025-04-12T09:24:50.299788Z"
"B-Task,I-Task,I-Task,I-Task,I-Task,O,B-Date,I-Date,O,B-Time,I-Time","go through Grandma's medical prescriptions on sep 30th at 1:20 a.m..",32,"1","2025-04-12T09:24:57.330320Z",47,6.724,"Health","2025-04-12T09:24:57.330320Z"
"B-Task,O,B-Task,I-Task,O,B-Task,I-Task,O,O,O,B-Date,O,B-Time","finalize a taxi for the math quiz on Thursday by tomorrow at 3:30",33,"1","2025-04-12T09:25:11.254681Z",48,13.491,"School","2025-04-12T09:25:11.254681Z"
"B-Task,O,B-Task,I-Task,I-Task,I-Task,I-Task,O,B-Date,O,B-Time,I-Time","finish a lawyer to inspect the computer by tomorrow at 9 AM",34,"1","2025-04-12T09:25:28.385627Z",49,16.811,"Household","2025-04-12T09:25:28.385627Z"
"O,O,O,B-Task,O,B-Task,I-Task,I-Task,O,B-Date,O,B-Time,I-Time","remind me to prepare the trade show report before Wednesday at 3:45 PM",35,"1","2025-04-12T09:26:18.272497Z",50,49.555,"Work","2025-04-12T09:26:18.272497Z"
"O,O,B-Task,I-Task,I-Task,I-Task,I-Task,I-Task,I-Task,O,B-Date,I-Date,O,B-Time","Need to reserve the car key before the observance on sep 1st at 5:15",36,"1","2025-04-12T09:26:24.033594Z",51,5.236,"Work","2025-04-12T09:26:24.033594Z"
"B-Task,O,B-Task,I-Task,O,B-Date,I-Date,O,B-Time","email a presentation follow-up by the 30th in 23",37,"1","2025-04-12T09:26:26.873568Z",52,2.403,"Work","2025-04-12T09:26:26.873568Z"
"O,B-Date,I-Date,O,B-Time,B-Task,O,B-Task,I-Task,I-Task","on mar 2nd at 12 organize the project board meeting",38,"1","2025-04-12T09:26:29.598469Z",53,2.372,"Work","2025-04-12T09:26:29.598469Z"
"B-Task,O,B-Task,I-Task,I-Task,I-Task,I-Task,O,B-Date,I-Date,O,B-Time","schedule the hand mirror presentation to Dror by next Wednesday at 10PM",39,"1","2025-04-12T09:26:40.384063Z",54,10.467,"Work","2025-04-12T09:26:40.384063Z"
"B-Task,O,B-Task,I-Task,I-Task,O,B-Date,I-Date,O,B-Time,I-Time","confirm the charger and charger by jul 22nd at 9:30 a.m.",40,"1","2025-04-12T09:26:48.807248Z",55,8.09,"Personal","2025-04-12T09:26:48.807248Z"
"B-Task,O,B-Task,I-Task,O,B-Date,I-Date,O,B-Time,I-Time","test the paper tray by the 25th at 11:00 PM",41,"1","2025-04-12T09:27:02.278182Z",56,13.152,"Household","2025-04-12T09:27:02.278182Z"
"O,O,B-Task,I-Task,I-Task,I-Task,I-Task,I-Task,I-Task,O,B-Date,I-Date,O,B-Time","Need to check the photo album before the webinar on october 30th at 6:15",42,"1","2025-04-12T09:27:10.421266Z",57,7.838,"Personal","2025-04-12T09:27:10.421266Z"
"B-Task,O,B-Task,I-Task,O,B-Date,I-Date,O,B-Time","schedule a nurse appointment on jul 2nd around noon",43,"1","2025-04-12T09:27:15.419195Z",58,4.688,"Health","2025-04-12T09:27:15.419195Z"
"B-Task,I-Task,O,O,B-Task,O,O,B-Date,I-Date,I-Date,O,B-Time,I-Time","watch Grandma on her reunion which is on the 24th at 6 AM.",44,"1","2025-04-12T09:27:18.963827Z",59,3.215,"Personal","2025-04-12T09:27:18.963827Z"
"O,O,O,B-Task,O,B-Task,I-Task,O,B-Date,O,B-Time","don't forget to organize the observance tickets by today at 5:00",45,"1","2025-04-12T09:27:22.540508Z",60,3.259,"Personal","2025-04-12T09:27:22.540508Z"
"B-Task,I-Task,I-Task,O,B-Task,I-Task,O,B-Date,O,B-Time","buy tournament for the team meeting this Sunday at five",46,"1","2025-04-12T09:27:27.583692Z",61,4.733,"Work","2025-04-12T09:27:27.583692Z"
"B-Task,O,B-Task,I-Task,B-Date,I-Date,I-Date,O,B-Time,I-Time","organize the radio report in five days at 11:50 a.m.",47,"1","2025-04-12T09:27:30.828786Z",62,2.92,"Work","2025-04-12T09:27:30.828786Z"
"B-Task,I-Task,I-Task,O,B-Task,O,B-Date,I-Date,O,B-Time","plan lyrics for the party on november 16th at 21:30",48,"1","2025-04-12T09:27:40.965292Z",63,9.817,"Personal","2025-04-12T09:27:40.965292Z"
"B-Task,I-Task,B-Date,I-Date,I-Date,O,B-Time","share Alison in five days around 3",49,"1","2025-04-12T09:27:44.503303Z",64,3.216,"Personal","2025-04-12T09:27:44.503303Z"
"B-Task,I-Task,O,B-Task,I-Task,I-Task,O,O,O,O,B-Date,I-Date,O,B-Time","sort out the monthly expense summary by the deadline on jul 2nd at 11:20",51,"1","2025-04-12T09:28:44.048379Z",66,5.716,"Work","2025-04-12T09:28:44.048379Z"
"B-Task,I-Task,I-Task,I-Task,I-Task,O,B-Date,O,B-Time","study a new coffee table by tomorrow at noon",52,"1","2025-04-12T09:28:49.532620Z",67,5.166,"Household","2025-04-12T09:28:49.532620Z"
"B-Task,I-Task,I-Task,B-Date,O,B-Time","read mail confirmation today at 7:20",54,"1","2025-04-12T09:29:09.338923Z",69,12.502,"Personal","2025-04-12T09:29:18.968748Z"
"B-Task,O,B-Task,I-Task,O,B-Task,I-Task,O,O,O,B-Date,O,B-Time","design a taxi for the math quiz on Sunday by today at 1:40",55,"1","2025-04-12T09:29:32.618163Z",70,9.999,"School","2025-04-12T09:29:32.618163Z"
"B-Task,O,B-Task,I-Task,B-Date,I-Date,I-Date,O,B-Time,I-Time","prioritize the pen report in ten days at 11:50 am",56,"1","2025-04-12T09:29:35.733785Z",71,2.761,"Work","2025-04-12T09:29:35.733785Z"
"O,O,O,B-Task,O,B-Task,I-Task,I-Task,I-Task,O,B-Time,O,B-Date","i need to submit the client presentation in Micheleside after 2:45 this Friday",57,"1","2025-04-12T09:29:38.654984Z",72,2.594,"Work","2025-04-12T09:29:38.654984Z"
"B-Task,O,B-Task,I-Task,O,B-Time,O,B-Date","complete the project report by 10pm on Tuesday",58,"1","2025-04-12T09:29:42.195803Z",73,3.231,"Work","2025-04-12T09:29:42.195803Z"
"O,O,O,B-Task,O,B-Task,I-Task,I-Task,O,B-Date,O,B-Time,I-Time","remind me to design the product launch report before Thursday at 8:30 a.m.",59,"1","2025-04-12T09:29:46.060453Z",74,2.864,"Work","2025-04-12T09:29:46.060453Z"
"B-Task,I-Task,O,B-Task,I-Task,I-Task,I-Task,I-Task,O,B-Task,O,B-Date,O,B-Time","drop off the mockup that Gal needs for the trip happening tomorrow at 8:45pm",60,"1","2025-04-12T09:30:03.988530Z",75,17.61,"Personal","2025-04-12T09:30:03.988530Z"
"B-Task,O,B-Task,I-Task,O,B-Time,O,B-Date","buy the project report by 3am on Saturday",61,"1","2025-04-12T09:30:11.083327Z",76,6.759,"Work","2025-04-12T09:30:11.083327Z"
"O,O,O,B-Task,I-Task,I-Task,O,O,O,B-Date,O,B-Time","I'm having a protest with Denise at the cafe tomorrow at noon",65,"1","2025-04-12T09:32:43.962353Z",80,75.721,"Personal","2025-04-12T09:32:43.962353Z"
"O,O,O,B-Task,O,B-Task,I-Task,I-Task,O,B-Task,O,B-Time,I-Time,B-Date","i need to watch an update mail to the team at 4:50 am tomorrow",66,"1","2025-04-12T09:32:59.002612Z",81,14.726,"Work","2025-04-12T09:32:59.002612Z"
"B-Task,I-Task,I-Task,I-Task,I-Task,O,B-Date,I-Date,O,B-Time,I-Time","set up Tahel's medical prescriptions on january 24th at 3:45 PM.",68,"1","2025-04-12T09:33:39.597429Z",83,8.799,"Health","2025-04-12T09:33:39.597429Z"
"B-Task,I-Task,I-Task,I-Task,O,B-Task,I-Task,I-Task,B-Date,B-Time","call UI mockup for the Port Bryan branch tomorrow noon",69,"1","2025-04-12T09:33:53.017712Z",84,6.238,"Work","2025-04-12T09:33:53.017712Z"
"B-Task,I-Task,I-Task,O,B-Task,O,B-Date,I-Date,O,B-Time","share lyrics for the tribute on december 4th at 21:30",70,"1","2025-04-12T09:33:56.933586Z",85,3.276,"Personal","2025-04-12T09:33:56.933586Z"
"B-Task,O,B-Task,I-Task,O,B-Task,I-Task,O,O,O,B-Date,O,B-Time","study a taxi for the client presentation on Wednesday by tomorrow at 12:30",71,"1","2025-04-12T09:34:02.713196Z",86,5.473,"Work","2025-04-12T09:34:02.713196Z"
"B-Task,O,B-Task,I-Task,O,B-Time,O,B-Date","reserve the project report by 8pm on Saturday",72,"1","2025-04-12T09:34:06.568808Z",87,3.546,"Work","2025-04-12T09:34:06.568808Z"
"B-Task,O,B-Task,I-Task,O,B-Time,O,B-Date","prioritize the project report by 2p.m. on Monday",74,"1","2025-04-12T09:34:23.662832Z",89,8.275,"Work","2025-04-12T09:34:23.663829Z"
"B-Task,I-Task,O,O,B-Task,O,O,B-Date,I-Date,I-Date,O,B-Time,I-Time","buy John on her fair which is on the 23rd at 11 a.m..",75,"1","2025-04-12T09:34:32.729410Z",90,8.749,"Personal","2025-04-12T09:34:32.729410Z"
"O,O,O,B-Task,I-Task,O,O,B-Date,I-Date,I-Date,O,B-Time","i have a training session scheduled for Monday next week at 4:45",77,"1","2025-04-12T09:35:00.456184Z",92,6.541,"Personal","2025-04-12T09:35:00.456184Z"
"O,O,O,B-Task,I-Task,I-Task,O,B-Date","i need to prepare a garden by Saturday.",78,"1","2025-04-12T09:35:11.516296Z",93,10.749,"Household","2025-04-12T09:35:11.516296Z"
"B-Task,O,B-Task,I-Task,I-Task,O,O,O,O,B-Date,I-Date,O,B-Time","email the monthly performance review by the deadline on april 22nd at 12:40.",79,"1","2025-04-12T09:35:20.325688Z",94,8.496,"Work","2025-04-12T09:35:20.325688Z"
"B-Task,I-Task,O,O,B-Task,O,O,B-Date,I-Date,I-Date","schedule John for his graduation which is tomorrow next week",80,"1","2025-04-12T09:35:24.687312Z",95,4.049,"Personal","2025-04-12T09:35:24.688309Z"
"B-Task,O,B-Task,I-Task,I-Task,I-Task,O,B-Date,O,B-Time,I-Time","review the report and review it by Friday at 8 pm",81,"1","2025-04-12T09:36:01.070873Z",96,36.051,"Work","2025-04-12T09:36:01.070873Z"
"O,O,O,B-Task,I-Task,I-Task,O,B-Date","i need to clean a charger by Monday.",82,"1","2025-04-12T09:37:00.330188Z",97,58.455,"Household","2025-04-12T09:37:00.330188Z"
"B-Task,O,B-Task,I-Task,O,B-Date,I-Date,O,B-Time,I-Time","analyze a chef appointment for next Thursday at 11:20 am",83,"1","2025-04-12T09:37:05.645420Z",98,4.818,"Personal","2025-04-12T09:37:05.645420Z"
"O,O,O,B-Task,O,B-Task,I-Task,O,B-Date,O,B-Time","don't forget to reserve the concert tickets by today at 12:15",84,"1","2025-04-12T09:37:11.189664Z",99,4.623,"Personal","2025-04-12T09:37:11.189664Z"
"B-Task,I-Task,B-Date,I-Date,I-Date,O,B-Time","update Mom in twelve days around 19",85,"1","2025-04-12T09:37:19.509051Z",100,8.005,"Personal","2025-04-12T09:37:19.509051Z"
"B-Task,I-Task,I-Task,I-Task,I-Task,I-Task,O,B-Time,B-Date,I-Date,I-Date","submit Lia to submit the note by midnight on the 4th",86,"1","2025-04-12T09:37:27.862184Z",101,8.026,"School","2025-04-12T09:37:27.862184Z"
"B-Task,I-Task,I-Task,I-Task,I-Task,I-Task,O,B-Date,I-Date","plan Noam about the project timeline by next week",87,"1","2025-04-12T09:37:37.367345Z",102,9.193,"Work","2025-04-12T09:37:37.367345Z"
"B-Task,I-Task,I-Task,I-Task,O,B-Task,I-Task,I-Task,B-Date,B-Time","finish car key for the North Garyton branch tomorrow noon",88,"1","2025-04-12T09:37:49.795467Z",103,12.111,"Work","2025-04-12T09:37:49.795467Z"
"B-Task,O,B-Task,I-Task,O,O,O,O,B-Date,O,B-Time","arrange the UI mockup before the exhibition on Tuesday at 2:30",89,"1","2025-04-12T09:38:38.118696Z",104,48.004,"Work","2025-04-12T09:38:38.118696Z"
"B-Task,O,B-Task,I-Task,I-Task,I-Task,I-Task,O,B-Date,I-Date,O,B-Time","reserve the coffee table hammer to Tahel by next Tuesday at 7a.m.",90,"1","2025-04-12T09:38:43.254851Z",105,4.812,"Household","2025-04-12T09:38:43.254851Z"
"B-Task,I-Task,I-Task,I-Task,I-Task,O,B-Task,I-Task,O,O,B-Date,I-Date,I-Date,O,B-Time,I-Time","deal with the pen for the physics project that is in four weeks at 5:15 PM",91,"1","2025-04-12T09:38:49.266827Z",106,5.711,"School","2025-04-12T09:38:49.266827Z"
"O,O,O,B-Task,O,B-Task,I-Task,I-Task,I-Task,I-Task,O,B-Time,I-Time,B-Date","i have to watch the presentation for the panel discussion at 11 PM tomorrow",92,"1","2025-04-12T09:38:58.618895Z",107,8.883,"Work","2025-04-12T09:38:58.618895Z"
"B-Task,I-Task,I-Task,I-Task,I-Task,O,B-Date,O,B-Time","design a new photo album by today at noon",93,"1","2025-04-12T09:39:01.933422Z",108,2.902,"Personal","2025-04-12T09:39:01.933422Z"
"B-Task,O,B-Task,I-Task,B-Date,I-Date,I-Date,O,B-Time,I-Time","design the mockup report in 11 days at 12:50 pm",94,"1","2025-04-12T09:39:06.083623Z",109,3.66,"Work","2025-04-12T09:39:06.083623Z"
"B-Task,O,B-Task,I-Task,I-Task,I-Task,I-Task,O,B-Date,O,B-Time,I-Time","practice a optometrist to inspect the dishes by tomorrow at 7 pm",95,"1","2025-04-12T09:39:21.528097Z",110,14.955,"Household","2025-04-12T09:39:21.528097Z"
"B-Task,O,B-Task,I-Task,O,B-Date,I-Date,O,B-Time","read a notebook follow-up by the 26th in 6",97,"1","2025-04-12T09:40:20.752362Z",112,11.486,"Work","2025-04-12T09:40:20.753359Z"
"B-Task,O,B-Task,I-Task,I-Task,I-Task,I-Task,O,B-Date,O,B-Time,I-Time","send a therapist to inspect the tablet by today at 5 a.m.",98,"1","2025-04-12T09:40:36.810167Z",113,15.738,"Household","2025-04-12T09:40:36.810167Z"
"B-Task,I-Task,O,O,B-Task,O,O,B-Date,I-Date,I-Date,O,B-Time,I-Time","email Noa on her carnival which is on the 29th at 5 am.",99,"1","2025-04-12T09:40:40.633766Z",114,3.506,"Personal","2025-04-12T09:40:40.633766Z"
"B-Task,I-Task,I-Task,I-Task,I-Task,O,B-Date,O,B-Time","finalize a new shower gel by today at noon",100,"1","2025-04-12T09:40:46.601022Z",115,5.636,"Household","2025-04-12T09:40:46.601022Z"
"B-Task,O,B-Task,I-Task,O,B-Time,O,B-Date","prepare the project report by 3a.m. on Monday",101,"1","2025-04-12T09:41:00.638323Z",116,13.718,"Work","2025-04-12T09:41:00.638323Z"
"O,O,B-Task,I-Task,I-Task,I-Task,I-Task,I-Task,I-Task,O,O,B-Date,B-Time","Remember to send with Shani about the client presentation scheduled for Saturday noon",103,"1","2025-04-12T09:41:49.169952Z",118,8.017,"Work","2025-04-12T09:41:49.169952Z"
"B-Task,I-Task,I-Task,I-Task,I-Task,I-Task,O,B-Date,I-Date","submit Ron about the product launch by next week",104,"1","2025-04-12T09:41:54.641921Z",119,5.131,"","2025-04-12T09:41:54.641921Z"
"B-Task,I-Task,O,B-Task,I-Task,B-Date,I-Date,I-Date","deal with my dry cleaning in 12 days",106,"1","2025-04-13T10:39:23.030254Z",121,11.714,"Household","2025-04-13T10:39:23.030254Z"
"O,B-Date,I-Date,O,B-Time,B-Task,O,B-Task,I-Task,I-Task","on december 6th at 19 email the project client presentation",107,"1","2025-04-13T10:39:29.599766Z",122,6.204,"Work","2025-04-13T10:39:29.599766Z"
"B-Task,I-Task,I-Task,B-Date,O,B-Time,I-Time","reserve birthday tickets today at 5:15 p.m..",108,"1","2025-04-13T10:39:33.480807Z",123,3.55,"Personal","2025-04-13T10:39:33.480807Z"
"B-Task,O,B-Task,I-Task,I-Task,O,B-Date,O,B-Time,I-Time","learn a table at Christine's for Saturday at 9:30 p.m.",109,"1","2025-04-13T10:39:40.708838Z",124,5.835,"Personal","2025-04-13T10:39:40.709838Z"
"B-Task,I-Task,I-Task,O,B-Task,O,B-Date,I-Date,O,B-Time","practice lyrics for the birthday on september 21st at 21:30",111,"1","2025-04-13T10:39:54.756854Z",126,3.893,"Personal","2025-04-13T10:39:54.756854Z"
"B-Task,I-Task,I-Task,O,B-Task,O,O,B-Time,O,B-Date,I-Date","prioritize book for the gathering scheduled at noon on nov 5th",112,"1","2025-04-13T10:40:00.447665Z",127,4.653,"","2025-04-13T10:40:00.447665Z"
"B-Task,I-Task,I-Task,I-Task,I-Task,I-Task,I-Task,I-Task,O,O,B-Date,I-Date,I-Date","finish reading chapter 7 of tech conference book until the 24th of oct",113,"1","2025-04-13T10:40:37.594121Z",128,27.586,"School","2025-04-13T10:40:37.594121Z"
"O,O,O,B-Task,O,B-Task,I-Task,I-Task,I-Task,O,B-Time,O,B-Date","i need to call the board meeting in Petersonberg after 3:00 this Friday",114,"1","2025-04-13T10:40:49.976109Z",129,11.951,"Work","2025-04-13T10:40:49.976109Z"
"B-Task,O,B-Task,I-Task,I-Task,O,O,O,O,B-Date,I-Date,O,B-Time","clean the monthly performance review by the deadline on jun 26th at 8:00.",115,"1","2025-04-13T10:40:57.105306Z",130,6.767,"Work","2025-04-13T10:40:57.105306Z"
"B-Task,O,B-Task,I-Task,I-Task,O,O,O,O,B-Date,I-Date,O,B-Time","study the monthly performance review by the deadline on september 6th at 1:30.",116,"1","2025-04-13T10:41:05.879411Z",131,8.452,"School","2025-04-13T10:41:05.879411Z"
"B-Task,I-Task,O,O,B-Task,O,O,B-Date,I-Date,I-Date","review Dad for his tribute which is tomorrow next week",117,"1","2025-04-13T10:41:11.577168Z",132,5.352,"Personal","2025-04-13T10:41:11.577168Z"
"B-Task,O,B-Task,I-Task,I-Task,I-Task,I-Task,O,B-Date,I-Date,O,B-Time","analyze the phone case garden to Noa by next Tuesday at 2a.m.",120,"1","2025-04-13T10:43:49.249362Z",135,12.733,"Personal","2025-04-13T10:43:49.249362Z"
"B-Task,I-Task,I-Task,O,B-Time,I-Time,B-Date,O,O,O","study the worker before 7 a.m. today and then study",122,"1","2025-04-13T10:43:59.351384Z",137,5.828,"Personal","2025-04-13T10:43:59.351384Z"
"O,O,O,B-Task,O,B-Task,I-Task,I-Task,O,B-Task,O,B-Time,I-Time,B-Date","i need to reserve an update mail to the team at 7:45 pm today",123,"1","2025-04-13T10:44:06.700631Z",138,7.027,"Work","2025-04-13T10:44:06.700631Z"
"O,O,O,B-Task,O,B-Task,I-Task,I-Task,O,B-Date,O,B-Time,I-Time","remind me to read the team lunch report before Tuesday at 5:15 am",124,"1","2025-04-13T10:44:20.262592Z",139,13.221,"Work","2025-04-13T10:44:20.262592Z"
"B-Task,I-Task,I-Task,B-Date,O,B-Time,I-Time","finish concert tickets tomorrow at 6:50 p.m..",125,"1","2025-04-13T10:45:01.305007Z",140,40.71,"Personal","2025-04-13T10:45:01.305007Z"
"O,O,O,B-Task,I-Task,I-Task,O,B-Date","i need to practice a note by Friday.",126,"1","2025-04-13T10:45:17.431004Z",141,15.767,"Personal","2025-04-13T10:45:17.431004Z"
"O,O,O,B-Task,I-Task,O,O,B-Date,I-Date,I-Date,O,B-Time","i have a board meeting scheduled for Wednesday next week at 8:50",127,"1","2025-04-13T10:45:21.650649Z",142,3.881,"Work","2025-04-13T10:45:21.650649Z"
"B-Task,I-Task,O,B-Task,I-Task,I-Task,I-Task,I-Task,O,B-Task,O,B-Date,O,B-Time","deal with the hammer that Daniel needs for the protest happening today at 5:15pm",129,"1","2025-04-13T10:45:49.741233Z",144,14.884,"Personal","2025-04-13T10:45:49.741233Z"
"B-Task,O,B-Task,I-Task,B-Date,I-Date,I-Date,O,B-Time,I-Time","clean the document report in six days at 9:10 a.m.",130,"1","2025-04-13T10:45:56.175259Z",145,6.107,"Work","2025-04-13T10:45:56.175259Z"
"B-Task,I-Task,O,B-Task,I-Task,I-Task,O,O,O,O,B-Date,I-Date,O,B-Time","drop off the monthly expense summary by the deadline on december 29th at 4:45",131,"1","2025-04-13T10:46:36.131612Z",146,39.609,"Work","2025-04-13T10:46:36.131612Z"
"B-Task,O,B-Task,I-Task,I-Task,I-Task,I-Task,O,B-Date,O,B-Time,I-Time","submit a nurse to inspect the banana by tomorrow at 1 AM",132,"1","2025-04-13T10:46:41.080982Z",147,4.614,"Health","2025-04-13T10:46:41.081493Z"
"B-Task,I-Task,I-Task,O,B-Task,O,B-Date,I-Date,O,B-Time,I-Time","send tickets for the concert on april 2nd at 12:45 a.m..",133,"1","2025-04-13T10:46:44.674448Z",148,3.268,"Personal","2025-04-13T10:46:44.674448Z"
"B-Task,O,B-Task,B-Date","call the album today",134,"1","2025-04-13T10:46:48.546643Z",149,2.989,"Personal","2025-04-13T10:46:48.546643Z"
"B-Task,I-Task,I-Task,I-Task,I-Task,O,B-Date,I-Date,O,B-Time,I-Time","pick up Grandpa's medical prescriptions on march 21st at 10:20 AM.",136,"1","2025-04-13T10:47:17.400477Z",151,20.074,"Health","2025-04-13T10:47:17.400477Z"
"O,O,O,B-Task,I-Task,I-Task,O,O,O,O,O,B-Date","i need to complete chapter four of the biology textbook by Tuesday.",137,"1","2025-04-13T10:47:22.596930Z",152,4.869,"School","2025-04-13T10:47:22.596930Z"
"O,O,O,B-Task,I-Task,I-Task,O,O,O,O,O,B-Date","i need to design chapter eight of the biology textbook by Friday.",138,"1","2025-04-13T10:47:28.046078Z",153,5.127,"School","2025-04-13T10:47:28.046078Z"
"O,O,O,B-Task,O,B-Task,I-Task,I-Task,O,B-Date,O,B-Time,I-Time","remind me to study the board meeting report before Sunday at 5:20 p.m.",139,"1","2025-04-13T10:48:34.649098Z",154,66.225,"Work","2025-04-13T10:48:34.649098Z"
"B-Date,O,O,O,B-Task,O,B-Task,I-Task,O,B-Task,I-Task","tomorrow i have to watch the monitor for the aug lunch",140,"1","2025-04-13T10:48:46.839133Z",155,11.865,"Personal","2025-04-13T10:48:46.839133Z"
"O,O,O,B-Task,O,B-Task,I-Task,I-Task,O,B-Task,O,B-Time,I-Time,B-Date","i need to arrange an update mail to the team at 12:20 pm today",141,"1","2025-04-13T10:49:06.348161Z",156,19.194,"Work","2025-04-13T10:49:06.348161Z"
"O,O,O,B-Task,O,B-Task,I-Task,I-Task,O,B-Task,O,B-Time,I-Time,B-Date","i need to mow an update mail to the team at 6:20 p.m. tomorrow",142,"1","2025-04-13T10:49:27.828828Z",157,18.743,"Work","2025-04-13T10:49:27.828828Z"
"O,B-Date,I-Date,O,B-Time,B-Task,O,B-Task,I-Task,I-Task","on mar 13th at 4 prepare the project client presentation",143,"1","2025-04-13T10:50:36.297776Z",158,68.066,"Work","2025-04-13T10:50:36.297776Z"
"B-Task,O,B-Task,I-Task,O,B-Date,I-Date,O,B-Time,I-Time","prepare the ice cream by the 22nd at 1:00 pm",146,"1","2025-04-13T10:51:48.185930Z",161,45.749,"Household","2025-04-13T10:51:48.185930Z"
"B-Task,I-Task,I-Task,I-Task,I-Task,I-Task,I-Task,I-Task,O,O,B-Date,I-Date,I-Date","finish reading chapter 92 of board meeting book until the 10th of aug",147,"1","2025-04-13T10:51:53.031647Z",162,4.507,"School","2025-04-13T10:51:53.032644Z"
"B-Task,O,B-Task,I-Task,B-Date,I-Date,I-Date,O,B-Time,I-Time","check the ruler report in 2 days at 3:00 PM",149,"1","2025-04-13T10:52:31.446708Z",164,5.859,"Work","2025-04-13T10:52:31.446708Z"
"B-Task,I-Task,I-Task,O,B-Task,I-Task,O,B-Date,O,B-Time","analyze haircut for the physics project this Wednesday at three",150,"1","2025-04-13T10:52:39.170677Z",165,7.395,"School","2025-04-13T10:52:39.170677Z"
"B-Task,O,B-Task,B-Date","reserve the hammer tomorrow",153,"1","2025-04-13T10:53:58.903487Z",168,6.722,"Household","2025-04-13T10:53:58.903487Z"
"B-Task,O,B-Task,I-Task,O,B-Date,I-Date,O,B-Time,I-Time","reserve a dentist appointment for next Thursday at 11:20 a.m.",154,"1","2025-04-13T10:54:06.561351Z",169,7.325,"Health","2025-04-13T10:54:06.561351Z"
"O,B-Date,I-Date,O,B-Time,B-Task,O,B-Task,I-Task,I-Task","on november 31st at 23 return the project product launch",155,"1","2025-04-13T10:54:10.700364Z",170,3.815,"Work","2025-04-13T10:54:10.700364Z"
"O,O,O,B-Task,O,B-Task,I-Task,I-Task,O,B-Date,O,B-Time,I-Time","remind me to watch the training session report before Monday at 5:20 pm",156,"1","2025-04-13T10:54:23.406881Z",171,12.38,"Work","2025-04-13T10:54:23.406881Z"
"B-Task,O,B-Task,I-Task,I-Task,I-Task,B-Date,I-Date","add the new intern about onboarding next Friday",157,"1","2025-04-13T10:56:08.253981Z",172,104.498,"Work","2025-04-13T10:56:08.253981Z"
"O,B-Date,I-Date,O,B-Time,B-Task,O,B-Task,I-Task,I-Task","on august 23rd at 11 schedule the project team lunch",159,"1","2025-04-13T10:56:17.326772Z",174,5.669,"Work","2025-04-13T10:56:17.326772Z"
"O,O,O,B-Task,O,B-Task,I-Task,I-Task,O,B-Date,O,B-Time,I-Time","remind me to prioritize the tech conference report before Wednesday at 4:20 PM",160,"1","2025-04-13T10:56:21.292007Z",175,3.323,"Work","2025-04-13T10:56:21.292007Z"
"B-Task,O,B-Task,I-Task,O,B-Date,I-Date,O,B-Time,I-Time","manage the UI mockup by the 13th at 3:20 PM",161,"1","2025-04-13T10:56:24.615408Z",176,2.966,"Work","2025-04-13T10:56:24.615408Z"
"B-Task,I-Task,B-Date,I-Date,I-Date,O,B-Time","finish Grandpa in 7 days around 16",162,"1","2025-04-13T10:56:31.525063Z",177,5.849,"Personal","2025-04-13T10:56:31.525063Z"
"B-Task,I-Task,O,B-Task,I-Task,I-Task,O,O,O,O,B-Date,I-Date,O,B-Time","go over the monthly expense summary by the deadline on dec 6th at 1:00",163,"1","2025-04-13T10:57:26.129117Z",178,54.256,"Work","2025-04-13T10:57:26.129117Z"
"B-Task,I-Task,I-Task,B-Date,O,B-Time,I-Time","schedule observance tickets tomorrow at 12:10 am.",164,"1","2025-04-13T10:57:40.082542Z",179,13.616,"Personal","2025-04-13T10:57:40.082542Z"
"O,O,O,B-Task,I-Task,O,B-Task,I-Task,O,B-Date,O,B-Time","make sure to pick up the conference certification by today at midnight",166,"1","2025-04-13T10:57:49.493405Z",181,4.881,"Personal","2025-04-13T10:57:49.493405Z"
"B-Task,I-Task,I-Task,B-Date,O,B-Time,I-Time","prioritize party tickets tomorrow at 6:45 p.m..",167,"1","2025-04-13T10:57:53.838002Z",182,4.025,"Personal","2025-04-13T10:57:53.838002Z"
"O,O,O,B-Task,I-Task,I-Task,O,O,O,B-Date,O,B-Time","I'm having a exhibition with Grandpa at the cafe tomorrow at noon",168,"1","2025-04-13T10:57:58.015288Z",183,3.833,"Personal","2025-04-13T10:57:58.015288Z"
"B-Task,I-Task,I-Task,I-Task,O,B-Date,I-Date","arrange Mom's interviewceremony gift before march 5th",169,"1","2025-04-13T10:59:26.344836Z",184,87.98,"Personal","2025-04-13T10:59:26.344836Z"
"B-Task,I-Task,I-Task,B-Date,O,B-Time","prepare mail confirmation tomorrow at 1:50",170,"1","2025-04-13T10:59:34.297617Z",185,7.621,"Work","2025-04-13T10:59:34.297617Z"
"O,O,O,B-Task,O,B-Task,I-Task,I-Task,I-Task,I-Task,O,B-Time,I-Time,B-Date","i have to check the presentation for the tech conference at 3 p.m. today",171,"1","2025-04-13T10:59:39.384487Z",186,4.76,"Work","2025-04-13T10:59:39.384487Z"
"B-Task,I-Task,O,B-Task,I-Task,I-Task,O,O,O,O,B-Date,I-Date,O,B-Time","go over the monthly expense summary by the deadline on dec 10th at 11:15",172,"1","2025-04-13T10:59:44.013991Z",187,4.305,"Work","2025-04-13T10:59:44.013991Z"
"B-Task,O,B-Task,I-Task,O,B-Date,I-Date,O,B-Time","check a electrician appointment on jan 12th around noon",174,"1","2025-04-13T10:59:57.947516Z",189,3.255,"Household","2025-04-13T10:59:57.947516Z"
"O,B-Date,I-Date,O,B-Time,B-Task,O,B-Task,I-Task,I-Task","on march 2nd at 22 book the project press conference",175,"1","2025-04-13T11:00:10.494151Z",190,12.221,"Work","2025-04-13T11:00:10.494151Z"
"B-Task,I-Task,I-Task,I-Task,I-Task,O,B-Date,I-Date,O,B-Time,I-Time","drop off Dad's medical prescriptions on september 14th at 7:45 pm.",176,"1","2025-04-13T11:00:15.330289Z",191,4.499,"Health","2025-04-13T11:00:15.330289Z"
"B-Task,I-Task,I-Task,I-Task,O,B-Date,I-Date","manage John's wedding gift before march 19th",177,"1","2025-04-13T11:00:19.260641Z",192,3.609,"Personal","2025-04-13T11:00:19.260641Z"
"B-Task,O,B-Task,I-Task,I-Task,O,B-Date,O,B-Time,I-Time","manage a table at Mom's for Tuesday at 3:20 a.m.",180,"1","2025-04-13T11:02:56.553492Z",195,7.466,"Personal","2025-04-13T11:02:56.553492Z"
"O,O,O,B-Task,I-Task,O,B-Task,I-Task,O,B-Date,O,B-Time","make sure to check out the haircut certification by today at midnight",181,"1","2025-04-13T11:03:02.953501Z",196,6.061,"Personal","2025-04-13T11:03:02.953501Z"
"B-Task,I-Task,I-Task,O,B-Task,O,O,B-Time,O,B-Date,I-Date","finalize monitor for the exhibition scheduled at noon on oct 24th",182,"1","2025-04-13T11:03:09.367548Z",197,6.1,"Work","2025-04-13T11:03:09.367548Z"
"O,O,O,B-Task,I-Task,I-Task,O,O,O,O,O,B-Date","i need to mow chapter 2 of the biology textbook by Sunday.",183,"1","2025-04-13T11:03:14.012537Z",198,4.304,"School","2025-04-13T11:03:14.012537Z"
"O,O,O,B-Task,O,B-Task,I-Task,I-Task,O,B-Date,O,B-Time,I-Time","remind me to attend the press conference report before Tuesday at 8:45 PM",184,"1","2025-04-13T11:03:18.100206Z",199,3.751,"Work","2025-04-13T11:03:18.100206Z"
"B-Task,O,B-Task,I-Task,O,B-Time,O,B-Date","update the project report by 1am on Saturday",187,"1","2025-04-13T11:22:16.327281Z",202,4.071,"Work","2025-04-13T11:22:16.327281Z"
"B-Task,I-Task,O,O,B-Task,O,O,B-Date,I-Date,I-Date,O,B-Time,I-Time","finish Daniel on her trip which is on the 29th at 4 pm.",189,"1","2025-04-13T11:22:27.897931Z",204,5.38,"Personal","2025-04-13T11:22:27.897931Z"
"B-Task,I-Task,O,B-Task,I-Task,O,B-Date","send for the tech conference on Sunday",190,"1","2025-04-13T11:22:37.579089Z",205,9.35,"Work","2025-04-13T11:22:37.579089Z"
"B-Task,I-Task,I-Task,I-Task,I-Task,O,B-Date,I-Date,O,B-Time,I-Time","go over Daniel's medical prescriptions on jul 21st at 11:50 pm.",193,"1","2025-04-13T11:22:54.721501Z",208,4.341,"Health","2025-04-13T11:22:54.721501Z"
"O,O,O,B-Task,I-Task,I-Task,O,B-Date","i need to submit a phone by Thursday.",195,"1","2025-04-13T11:23:14.411825Z",209,12.137,"School","2025-04-13T11:23:14.411825Z"
"O,B-Date,I-Date,O,B-Time,B-Task,O,B-Task,I-Task,I-Task","on april 4th at 1 email the project board meeting",197,"1","2025-04-13T11:23:30.959151Z",211,4.562,"Work","2025-04-13T11:23:30.959151Z"
"O,B-Date,I-Date,O,B-Time,B-Task,O,B-Task,I-Task,I-Task","on october 9th at 10 arrange the project client presentation",199,"1","2025-04-13T11:23:41.877707Z",213,3.385,"Work","2025-04-13T11:23:41.877707Z"
"B-Task,O,B-Task,I-Task,O,B-Date,I-Date,O,B-Time","finish a psychologist appointment on august 17th around noon",201,"1","2025-04-13T11:23:54.199413Z",215,7.293,"Health","2025-04-13T11:23:54.199413Z"
"B-Task,I-Task,O,B-Task,I-Task,B-Date,I-Date,I-Date","go over my dry cleaning in 7 days",202,"1","2025-04-13T11:23:58.386607Z",216,3.843,"Household","2025-04-13T11:23:58.386607Z"
"B-Task,O,B-Task,I-Task,I-Task,O,B-Date,O,B-Time,I-Time","read a table at Noa's for Tuesday at 2:50 PM",203,"1","2025-04-13T11:24:04.963574Z",217,6.252,"Personal","2025-04-13T11:24:04.963574Z"
"B-Task,I-Task,I-Task,I-Task,I-Task,O,B-Date,O,B-Time","confirm a new UI mockup by tomorrow at noon",206,"1","2025-04-13T11:24:17.572588Z",220,7.258,"Work","2025-04-13T11:24:17.572588Z"
"B-Task,I-Task,I-Task,I-Task,I-Task,I-Task,O,B-Date,I-Date","email Noam about the trade show by next week",207,"1","2025-04-13T11:24:23.908109Z",221,9.602,"Personal","2025-04-13T11:24:32.014490Z"
"B-Task,O,B-Task,I-Task,O,B-Date,I-Date,O,B-Time","practice a plumber appointment on nov 2nd around noon",209,"1","2025-04-13T11:24:43.724395Z",223,3.238,"Household","2025-04-13T11:24:43.724395Z"
"O,B-Date,I-Date,O,B-Time,B-Task,O,B-Task,I-Task,I-Task","on dec 4th at 24 complete the project client presentation",210,"1","2025-04-13T11:24:48.524807Z",224,4.458,"Work","2025-04-13T11:24:48.524807Z"
"O,O,O,B-Task,I-Task,I-Task,O,B-Date","i need to call a worker by Thursday.",211,"1","2025-04-13T11:24:54.845178Z",225,5.989,"Work","2025-04-13T11:24:54.845178Z"
"B-Task,I-Task,I-Task,I-Task,I-Task,O,B-Task,I-Task,O,O,B-Date,I-Date,I-Date,O,B-Time,I-Time","go through the apple for the team lunch that is in eight weeks at 11:20 p.m.",212,"1","2025-04-13T11:25:05.843154Z",226,10.683,"Personal","2025-04-13T11:25:05.843154Z"
"B-Task,I-Task,O,B-Task,I-Task,I-Task,I-Task,I-Task,O,B-Task,O,B-Date,O,B-Time","go through the report that Dad needs for the concert happening today at 3:40a.m.",213,"1","2025-04-13T11:25:12.342103Z",227,5.944,"Personal","2025-04-13T11:25:12.342103Z"
"B-Task,I-Task,I-Task,B-Date,O,B-Time,I-Time","attend tribute tickets tomorrow at 4:50 AM.",214,"1","2025-04-13T11:26:23.339414Z",228,70.092,"Personal","2025-04-13T11:26:23.339414Z"
"B-Task,I-Task,B-Date,I-Date,I-Date,O,B-Time","add Dad in eight days around 21",215,"1","2025-04-13T11:26:27.680615Z",229,3.986,"Personal","2025-04-13T11:26:27.680615Z"
"B-Task,I-Task,I-Task,I-Task,O,B-Date,I-Date","plan Dror's movie gift before oct 28th",217,"1","2025-04-13T11:26:52.138196Z",231,12.604,"Personal","2025-04-13T11:26:52.138517Z"
"B-Task,I-Task,I-Task,I-Task,I-Task,O,B-Task,I-Task,O,O,B-Date,I-Date,I-Date,O,B-Time,I-Time","deal with the trousers for the press conference that is in eleven weeks at 8:15 AM",219,"1","2025-04-13T11:27:16.562164Z",233,17.434,"Work","2025-04-13T11:27:16.562164Z"
"B-Task,I-Task,O,B-Task,I-Task,B-Date,I-Date,I-Date","follow up my dry cleaning in five days",220,"1","2025-04-13T11:27:21.007037Z",234,4.108,"Household","2025-04-13T11:27:21.007037Z"
"O,O,O,B-Task,O,B-Task,I-Task,O,B-Date,O,B-Time","don't forget to prepare the ritual tickets by today at 8:30",221,"1","2025-04-13T11:27:26.658447Z",235,5.312,"Personal","2025-04-13T11:27:26.658447Z"
"B-Task,I-Task,I-Task,I-Task,O,B-Task,I-Task,I-Task,B-Date,B-Time","add tooth brush for the North Caitlinfort branch tomorrow noon",223,"1","2025-04-13T11:27:46.445802Z",236,16.009999999999998,"Household","2025-04-13T11:27:46.445802Z"
"B-Task,O,B-Task,I-Task,I-Task,O,B-Date,O,B-Time,I-Time","watch a table at Dror's for Tuesday at 12:25 AM",224,"1","2025-04-13T11:27:53.074690Z",237,6.325,"Personal","2025-04-13T11:27:53.074690Z"
"B-Task,I-Task,I-Task,I-Task,I-Task,O,B-Date,I-Date,O,B-Time,I-Time","go over Grandpa's medical prescriptions on october 15th at 2:10 am.",226,"1","2025-04-13T11:28:04.814748Z",239,4.229,"Health","2025-04-13T11:28:04.814748Z"
"O,O,O,B-Task,I-Task,O,O,B-Date,I-Date,I-Date,O,B-Time","i have a tech conference scheduled for Tuesday next week at 10:30",229,"1","2025-04-13T11:28:40.076680Z",242,4.078,"Work","2025-04-13T11:28:40.076680Z"
"O,O,O,B-Task,I-Task,I-Task,O,B-Date","i need to arrange a banana by Monday.",231,"1","2025-04-13T11:28:48.312146Z",244,3.267,"Household","2025-04-13T11:28:48.312146Z"
"B-Task,O,B-Task,I-Task,O,B-Task,I-Task,O,O,O,B-Date,O,B-Time","arrange a taxi for the press conference on Sunday by today at 6:25",232,"1","2025-04-13T11:28:52.278700Z",245,3.638,"Work","2025-04-13T11:28:52.278700Z"
"B-Task,I-Task,O,B-Task,I-Task,O,B-Date","mow for the team meeting on Sunday",233,"1","2025-04-13T11:28:57.558543Z",246,4.938,"Work","2025-04-13T11:28:57.558543Z"
"B-Task,I-Task,I-Task,B-Date,O,B-Time,I-Time","confirm fair tickets today at 2:25 a.m..",235,"1","2025-04-13T11:29:20.010583Z",248,14.968,"Personal","2025-04-13T11:29:20.010583Z"
"B-Task,I-Task,O,O,B-Task,O,O,B-Date,I-Date,I-Date,O,B-Time,I-Time","confirm Tahel on her graduation which is on the 14th at 7 am.",237,"1","2025-04-13T11:29:35.388076Z",250,6.884,"Personal","2025-04-13T11:29:35.388076Z"
"B-Task,O,B-Task,I-Task,I-Task,I-Task,I-Task,O,B-Date,I-Date,O,B-Time","manage the tooth brush hammer to Noa by next Sunday at 3AM",240,"1","2025-04-13T11:30:12.558883Z",253,24.036,"Personal","2025-04-13T11:30:12.558883Z"
"B-Task,O,B-Task,I-Task,I-Task,I-Task,O,B-Date,O,B-Time,I-Time","return the report and return it by Monday at 7 am",241,"1","2025-04-13T11:30:19.351258Z",254,6.435,"Work","2025-04-13T11:30:19.351258Z"
"B-Task,I-Task,O,B-Task,I-Task,I-Task,O,O,O,O,B-Date,I-Date,O,B-Time","drop off the monthly expense summary by the deadline on september 2nd at 1:20",242,"1","2025-04-13T11:31:00.414759Z",255,40.714,"Work","2025-04-13T11:31:00.414759Z"
"B-Date,O,O,O,B-Task,O,B-Task,I-Task,O,B-Task,I-Task","tomorrow i have to share the book for the nov lunch",243,"1","2025-04-13T11:31:10.162915Z",256,9.402,"School","2025-04-13T11:31:10.162915Z"
"B-Task,O,B-Task,I-Task,I-Task,O,B-Date,O,B-Time,I-Time","finalize a table at Grandma's for Sunday at 1:25 a.m.",244,"1","2025-04-13T11:31:14.360434Z",257,3.841,"Personal","2025-04-13T11:31:14.360434Z"
"B-Task,O,B-Task,I-Task,O,O,O,O,B-Date,O,B-Time","update the shower gel before the movie on Monday at 8:45",245,"1","2025-04-13T11:31:28.395516Z",258,13.686,"Household","2025-04-13T11:31:28.395516Z"
"O,O,O,B-Task,I-Task,I-Task,O,O,O,O,O,B-Date","i need to finish chapter two of the biology textbook by Friday.",247,"1","2025-04-13T11:31:43.745872Z",260,3.779,"School","2025-04-13T11:31:43.745872Z"
"O,O,O,B-Task,I-Task,O,B-Task,I-Task,O,B-Date,O,B-Time","make sure to pick up the demonstration certification by today at midnight",248,"1","2025-04-13T11:31:48.645557Z",261,4.553,"Personal","2025-04-13T11:31:48.645557Z"
"B-Task,O,B-Task,I-Task,I-Task,I-Task,O,B-Date,O,B-Time,I-Time","review the report and review it by Wednesday at 9 AM",249,"1","2025-04-13T11:31:51.967426Z",262,2.974,"Work","2025-04-13T11:31:51.967426Z"
"B-Task,O,B-Task,I-Task,I-Task,O,B-Date,O,B-Time,I-Time","call a table at Mom's for Sunday at 1:40 pm",251,"1","2025-04-13T11:32:02.521213Z",264,3.548,"Personal","2025-04-13T11:32:02.521213Z"
"B-Task,I-Task,O,B-Task,I-Task,I-Task,I-Task,I-Task,O,B-Task,O,B-Date,O,B-Time","deal with the ruler that Leslie needs for the wedding happening today at 1:20am",255,"1","2025-04-13T11:39:13.329497Z",268,5.31,"Personal","2025-04-13T11:39:13.329497Z"
"O,O,B-Task,I-Task,I-Task,I-Task,I-Task,I-Task,I-Task,O,B-Date,I-Date,O,B-Time","Need to test the sales report before the commemoration on oct 21st at 11:15",256,"1","2025-04-13T11:39:24.278701Z",269,10.613,"Work","2025-04-13T11:39:24.278701Z"
"B-Task,I-Task,I-Task,O,B-Task,O,B-Date,I-Date,O,B-Time","finalize lyrics for the commemoration on mar 17th at 21:30",260,"1","2025-04-13T11:42:14.486415Z",273,3.158,"Personal","2025-04-13T11:42:14.486415Z"
"B-Task,I-Task,O,B-Task,I-Task,I-Task,O,O,O,O,B-Date,I-Date,O,B-Time","follow up the monthly expense summary by the deadline on november 27th at 7:30",263,"1","2025-04-13T11:42:40.896780Z",276,18.259,"Work","2025-04-13T11:42:40.896780Z"
"O,O,O,B-Task,O,B-Task,I-Task,O,B-Date,O,B-Time","don't forget to check the interviewceremony tickets by tomorrow at 4:30",264,"1","2025-04-13T11:42:47.190953Z",277,5.879,"Personal","2025-04-13T11:42:47.190953Z"
"O,O,B-Task,I-Task,I-Task,I-Task,I-Task,I-Task,I-Task,O,B-Date,I-Date,O,B-Time","Need to manage the coffee table before the exhibition on aug 19th at 11:15",266,"1","2025-04-13T11:43:01.320730Z",279,3.585,"Household","2025-04-13T11:43:01.320886Z"
"O,O,O,B-Task,I-Task,I-Task,O,O,O,B-Date,O,B-Time","I'm having a commemoration with John at the cafe tomorrow at noon",267,"1","2025-04-13T11:43:09.716060Z",280,8.054,"Personal","2025-04-13T11:43:09.717058Z"
"B-Task,O,B-Task,I-Task,O,B-Date,I-Date,O,B-Time,I-Time","plan the inventory levels by the 22nd at 7:50 a.m.",268,"1","2025-04-13T11:43:15.639208Z",281,5.584,"Work","2025-04-13T11:43:15.639208Z"
"B-Task,O,B-Task,I-Task,O,B-Time,O,B-Date","submit the project report by 9pm on Wednesday",269,"1","2025-04-13T11:43:20.408452Z",282,4.428,"School","2025-04-13T11:43:20.408452Z"
"B-Task,O,B-Task,I-Task,O,B-Task,I-Task,O,O,O,B-Date,O,B-Time","coordinate a taxi for the project timeline on Tuesday by tomorrow at 9:20",270,"1","2025-04-13T11:43:26.960575Z",283,6.215,"Work","2025-04-13T11:43:26.961598Z"
"B-Task,I-Task,O,O,B-Task,O,O,B-Date,I-Date,I-Date","read Michael for his birthday which is tomorrow next week",272,"1","2025-04-13T11:43:52.558057Z",285,3.549,"Personal","2025-04-13T11:43:52.558057Z"
"B-Task,I-Task,I-Task,I-Task,O,B-Time,I-Time,O,B-Date","review preliminary idea report by 4:20 p.m. on Sunday",273,"1","2025-04-13T11:43:58.144462Z",286,5.14,"Work","2025-04-13T11:43:58.144462Z"
"B-Task,I-Task,I-Task,B-Date,O,B-Time","finish mail confirmation tomorrow at 6:30",275,"1","2025-04-13T11:44:16.614163Z",288,15.875,"Personal","2025-04-13T11:44:20.655422Z"
"B-Task,O,B-Task,I-Task,I-Task,I-Task,O,B-Date,O,B-Time,I-Time","study the report and study it by Wednesday at five p.m.",276,"1","2025-04-13T11:44:32.417922Z",289,9.564,"School","2025-04-13T11:44:32.417922Z"
"O,O,O,B-Task,O,B-Task,I-Task,O,B-Date,O,B-Time","don't forget to email the graduation tickets by today at 10:30",278,"1","2025-04-13T11:45:37.215381Z",291,4.188,"Personal","2025-04-13T11:45:37.215381Z"
"B-Task,I-Task,I-Task,B-Date,O,B-Time,I-Time","prioritize haircut tickets today at 9:25 pm.",279,"1","2025-04-13T11:45:40.886941Z",292,3.323,"Personal","2025-04-13T11:45:40.886941Z"
"B-Task,O,B-Task,I-Task,O,B-Date,I-Date,O,B-Time","organize a optometrist appointment on december 10th around noon",280,"1","2025-04-13T11:45:45.665574Z",293,4.168,"Health","2025-04-13T11:45:45.665574Z"
"B-Task,O,B-Task,I-Task,I-Task,I-Task,I-Task,O,B-Date,O,B-Time,I-Time","manage a photographer to inspect the mockup by today at seven am",284,"1","2025-04-13T11:46:15.212665Z",297,4.788,"Work","2025-04-13T11:46:15.212665Z"
"O,O,O,B-Task,O,B-Task,I-Task,I-Task,O,B-Date,O,B-Time,I-Time","remind me to finalize the physics project report before Monday at 6:10 pm",287,"1","2025-04-13T11:46:32.330420Z",300,5.303,"School","2025-04-13T11:46:32.330420Z"
"B-Task,I-Task,I-Task,I-Task,O,B-Task,I-Task,I-Task,B-Date,B-Time","organize photo album for the North Kevin branch tomorrow noon",288,"1","2025-04-13T11:46:40.641864Z",301,7.953,"Work","2025-04-13T11:46:40.641864Z"
"O,O,O,B-Task,I-Task,I-Task,O,O,O,B-Date,O,B-Time","I'm having a gathering with Gal at the cafe tomorrow at noon",289,"1","2025-04-13T11:46:45.029595Z",302,4.036,"Personal","2025-04-13T11:46:45.029595Z"
"B-Task,I-Task,O,B-Task,I-Task,I-Task,O,O,O,O,B-Date,I-Date,O,B-Time","deal with the monthly expense summary by the deadline on october 5th at 10:15",290,"1","2025-04-13T11:46:49.580975Z",303,4.201,"Work","2025-04-13T11:46:49.580975Z"
"O,O,O,B-Task,O,B-Task,I-Task,I-Task,O,B-Date,O,B-Time,I-Time","remind me to manage the board meeting report before Tuesday at 4:45 pm",292,"1","2025-04-13T11:47:14.491500Z",305,4.424,"Work","2025-04-13T11:47:14.491500Z"
"B-Task,I-Task,B-Date,I-Date,I-Date,O,B-Time","add Mom in 4 days around 16",293,"1","2025-04-13T11:47:18.125407Z",306,3.281,"Personal","2025-04-13T11:47:18.125407Z"
"B-Task,O,B-Task,I-Task,O,B-Date,I-Date,O,B-Time,I-Time","finalize a plumber appointment for next Sunday at 4:00 am",295,"1","2025-04-13T11:47:27.076663Z",308,2.93,"Household","2025-04-13T11:47:27.076663Z"
"O,O,O,B-Task,I-Task,O,O,B-Date,I-Date,I-Date,O,B-Time","i have a panel discussion scheduled for Wednesday next week at 2:25",296,"1","2025-04-13T11:47:36.420539Z",309,8.664,"Work","2025-04-13T11:47:36.420539Z"
"B-Task,I-Task,I-Task,I-Task,I-Task,O,B-Date,I-Date,O,B-Time,I-Time","pick up Gal's medical prescriptions on may 2nd at 5:50 p.m..",298,"1","2025-04-13T11:47:45.799181Z",311,3.313,"Health","2025-04-13T11:47:45.799181Z"
"B-Task,I-Task,I-Task,I-Task,I-Task,O,B-Task,I-Task,O,O,B-Date,I-Date,I-Date,O,B-Time,I-Time","go through the report for the product launch that is in twelve weeks at 6:00 PM",299,"1","2025-04-13T11:47:51.013406Z",312,4.863,"Work","2025-04-13T11:47:51.013406Z"
"O,O,O,B-Task,O,B-Task,I-Task,I-Task,I-Task,I-Task,O,B-Time,I-Time,B-Date","i have to arrange the presentation for the press conference at 1 p.m. today",300,"1","2025-04-13T11:47:55.052453Z",313,3.681,"Work","2025-04-13T11:47:55.052453Z"
"B-Task,O,B-Task,I-Task,O,B-Date,I-Date,O,B-Time","check a architect appointment on february 28th around noon",302,"1","2025-04-13T11:48:05.311837Z",315,7.467,"Personal","2025-04-13T11:48:05.311837Z"
"B-Task,O,B-Task,I-Task,O,O,O,O,B-Date,O,B-Time","study the new camera made by Ron until Saturday at 12:45",303,"1","2025-04-13T11:48:12.411230Z",316,6.739,"School","2025-04-13T11:48:12.411230Z"
"B-Task,O,B-Task,I-Task,O,O,O,O,B-Date,O,B-Time","finalize the new headphones made by Larry until Saturday at 6:30",306,"1","2025-04-13T11:48:29.988609Z",319,6.29,"Personal","2025-04-13T11:48:29.988609Z"
"B-Task,I-Task,I-Task,O,B-Task,O,B-Date,I-Date,O,B-Time,I-Time","schedule tickets for the vacation on may 9th at 2:40 pm.",309,"1","2025-04-13T11:48:44.488287Z",322,5.339,"Personal","2025-04-13T11:48:44.488287Z"
"B-Task,I-Task,I-Task,I-Task,I-Task,I-Task,O,B-Date,I-Date","return Noam about the client presentation by next week",314,"1","2025-04-13T11:49:18.358639Z",327,12.349,"Work","2025-04-13T11:49:18.358639Z"
"B-Task,O,B-Task,I-Task,O,B-Time,O,B-Date","design the project report by 7a.m. on Friday",316,"1","2025-04-13T11:50:30.307011Z",329,64.984,"Work","2025-04-13T11:50:30.307011Z"
"B-Task,I-Task,I-Task,I-Task,I-Task,I-Task,I-Task,I-Task,O,O,B-Date,I-Date,I-Date","finish reading chapter 18 of tech conference book until the 11th of feb",317,"1","2025-04-13T11:50:34.227589Z",330,3.531,"School","2025-04-13T11:50:34.227589Z"
"B-Task,I-Task,I-Task,I-Task,O,B-Date,I-Date","return Dad's vacation gift before oct 31st",318,"1","2025-04-13T11:50:38.467601Z",331,3.874,"Personal","2025-04-13T11:50:38.467601Z"
"B-Task,I-Task,I-Task,O,B-Time,I-Time,B-Date,O,O,O","learn the mockup before two PM today and then learn",320,"1","2025-04-13T11:50:51.928158Z",333,9.179,"Work","2025-04-13T11:50:51.928158Z"
"B-Date,O,O,O,B-Task,O,B-Task,I-Task,O,B-Task,I-Task","today i have to test the pen for the july lunch",321,"1","2025-04-13T11:51:20.147562Z",334,27.672,"Work","2025-04-13T11:51:20.147562Z"
"B-Task,I-Task,I-Task,I-Task,O,B-Date,I-Date","share Noam's reunion gift before sep 2nd",323,"1","2025-04-13T11:51:32.147024Z",336,3.494,"Personal","2025-04-13T11:51:32.147024Z"
"O,O,O,B-Task,O,B-Task,I-Task,I-Task,I-Task,O,B-Time,O,B-Date","i need to submit the panel discussion in Annetteton after 12:00 this Saturday",324,"1","2025-04-13T11:51:40.398060Z",337,7.276,"Work","2025-04-13T11:51:40.398060Z"
"O,O,O,B-Task,I-Task,I-Task,I-Task,O,B-Task,I-Task,O,B-Date","i need to analyze a laptop for the product launch by Tuesday.",325,"1","2025-04-13T11:51:45.510205Z",338,4.746,"Work","2025-04-13T11:51:45.510205Z"
"B-Task,I-Task,I-Task,B-Date,O,B-Time,I-Time","read celebration tickets today at 4:00 AM.",326,"1","2025-04-13T11:51:55.621430Z",339,9.378,"Personal","2025-04-13T11:51:55.621430Z"
"B-Task,I-Task,O,B-Task,I-Task,I-Task,O,O,O,O,B-Date,I-Date,O,B-Time","drop off the monthly expense summary by the deadline on jul 14th at 1:25",327,"1","2025-04-14T07:35:00.121311Z",340,11.663,"Work","2025-04-14T07:35:00.121311Z"
"O,O,B-Task,I-Task,I-Task,I-Task,I-Task,I-Task,I-Task,O,O,B-Date,B-Time","Remember to prepare with Tahel about the client presentation scheduled for Sunday noon",329,"1","2025-04-14T07:35:09.627868Z",342,4.152,"Work","2025-04-14T07:35:09.627868Z"
"O,O,B-Task,I-Task,I-Task,I-Task,I-Task,I-Task,I-Task,O,B-Date,I-Date,O,B-Time","Need to arrange the phone case before the tribute on apr 10th at 12:15",331,"1","2025-04-14T07:35:18.937575Z",344,4.184,"Personal","2025-04-14T07:35:18.937575Z"
"B-Task,O,B-Task,I-Task,O,B-Task,I-Task,O,O,O,B-Date,O,B-Time","confirm a taxi for the trade show on Sunday by tomorrow at 10:40",332,"1","2025-04-14T07:35:26.976678Z",345,7.716,"Personal","2025-04-14T07:35:26.976678Z"
"B-Task,I-Task,O,B-Task,I-Task,I-Task,O,O,O,O,B-Date,I-Date,O,B-Time","drop off the monthly expense summary by the deadline on august 19th at 9:50",333,"1","2025-04-14T07:35:30.723055Z",346,3.387,"Work","2025-04-14T07:35:30.723055Z"
"B-Task,O,B-Task,I-Task,O,B-Date,I-Date,O,B-Time","return a nurse appointment on november 8th around noon",334,"1","2025-04-14T07:35:54.517164Z",347,4.261,"Health","2025-04-14T07:35:54.517164Z"
"B-Task,I-Task,I-Task,I-Task,I-Task,O,B-Task,I-Task,O,O,B-Date,I-Date,I-Date,O,B-Time,I-Time","drop off the worker for the physics project that is in 10 weeks at 6:25 pm",335,"1","2025-04-14T07:35:59.767824Z",348,4.928,"School","2025-04-14T07:35:59.767824Z"
"B-Task,I-Task,I-Task,I-Task,I-Task,O,B-Date,O,B-Time","share a new shower gel by today at noon",336,"1","2025-04-14T07:36:04.795128Z",349,4.695,"Household","2025-04-14T07:36:04.795128Z"
"O,B-Date,I-Date,O,B-Time,B-Task,O,B-Task,I-Task,I-Task","on december 19th at 23 send the project math quiz",340,"1","2025-04-14T07:36:19.688645Z",353,3.864,"School","2025-04-14T07:36:19.688645Z"
"B-Task,I-Task,I-Task,I-Task,O,B-Time,I-Time,O,B-Date","finish preliminary idea report by 10:00 p.m. on Tuesday",342,"1","2025-04-14T07:36:34.924835Z",355,3.391,"Work","2025-04-14T07:36:34.924835Z"
"B-Task,O,B-Task,B-Date","attend the camera today",346,"1","2025-04-14T07:36:55.257581Z",359,4.591,"Household","2025-04-14T07:36:55.257581Z"
"B-Task,I-Task,O,B-Task,I-Task,I-Task,O,O,O,O,B-Date,I-Date,O,B-Time","pick up the monthly expense summary by the deadline on dec 22nd at 9:10",347,"1","2025-04-14T07:37:02.450707Z",360,6.864,"Work","2025-04-14T07:37:02.450707Z"
"O,O,O,B-Task,I-Task,I-Task,I-Task,O,B-Task,I-Task,O,B-Date","i need to prepare a apple for the training session by Monday.",348,"1","2025-04-14T07:37:10.620610Z",361,7.246,"Household","2025-04-14T07:37:10.620610Z"
"B-Task,O,B-Task,I-Task,O,B-Time,O,B-Date","add the project report by 7p.m. on Sunday",350,"1","2025-04-14T07:37:52.542205Z",363,5.024,"Work","2025-04-14T07:37:52.542205Z"
"B-Task,I-Task,O,B-Task,I-Task,I-Task,O,O,O,O,B-Date,I-Date,O,B-Time","deal with the monthly expense summary by the deadline on jul 21st at 8:15",352,"1","2025-04-14T07:38:07.017430Z",364,10.417,"Work","2025-04-14T07:38:07.017430Z"
"O,O,O,B-Task,I-Task,O,O,B-Date,I-Date,I-Date,O,B-Time","i have a team lunch scheduled for Tuesday next week at 11:15",354,"1","2025-04-14T07:38:17.148440Z",366,5.862,"Personal","2025-04-14T07:38:17.148440Z"
"B-Task,I-Task,I-Task,O,B-Task,I-Task,O,B-Date,O,B-Time","finalize protest for the panel discussion this Thursday at 5",356,"1","2025-04-14T07:50:33.186823Z",368,728.717,"Personal","2025-04-14T07:50:33.186823Z"
"O,O,B-Task,I-Task,I-Task,I-Task,I-Task,I-Task,I-Task,O,B-Date,I-Date,O,B-Time","Need to buy the shower gel before the flight on dec 24th at 2:15",357,"1","2025-04-14T07:50:40.391224Z",369,6.569,"Household","2025-04-14T07:50:40.391224Z"
"O,B-Date,I-Date,O,B-Time,B-Task,O,B-Task,I-Task,I-Task","on dec 21st at 7 update the project physics project",358,"1","2025-04-14T07:50:44.937792Z",370,4.226,"School","2025-04-14T07:50:44.937792Z"
"B-Task,I-Task,I-Task,O,B-Task,I-Task,O,B-Date,O,B-Time","reserve vacation for the team lunch this Saturday at twelve",362,"1","2025-04-14T07:51:38.408864Z",374,6.649,"Personal","2025-04-14T07:51:38.408864Z"
"B-Task,I-Task,O,B-Task,I-Task,I-Task,O,O,O,O,B-Date,I-Date,O,B-Time","go over the monthly expense summary by the deadline on september 18th at 7:15",363,"1","2025-04-14T07:52:28.070726Z",375,49.224,"Work","2025-04-14T07:52:28.070726Z"
"B-Task,I-Task,O,O,B-Task,O,O,B-Date,I-Date,I-Date,O,B-Time,I-Time","add Lia on her concert which is on the 19th at one p.m..",364,"1","2025-04-14T07:52:32.899516Z",376,4.271,"Personal","2025-04-14T07:52:32.899516Z"
"B-Task,I-Task,O,O,B-Task,O,O,B-Date,I-Date,I-Date","coordinate Gal for his reunion which is today next week",366,"1","2025-04-14T07:52:44.628228Z",378,4.786,"Personal","2025-04-14T07:52:44.628228Z"
"B-Task,O,B-Task,I-Task,O,B-Date,I-Date,O,B-Time","finish a nurse appointment on january 28th around noon",367,"1","2025-04-14T07:52:48.460190Z",379,3.506,"Health","2025-04-14T07:52:48.460190Z"
"B-Task,I-Task,I-Task,O,B-Task,O,O,B-Time,O,B-Date,I-Date","finish lawn for the tournament scheduled at noon on april 20th",372,"1","2025-04-14T07:54:41.559595Z",384,7.815,"Household","2025-04-14T07:54:41.559595Z"
"B-Task,I-Task,I-Task,I-Task,O,B-Time,I-Time,O,B-Date","practice preliminary idea report by 6:15 PM on Wednesday",374,"1","2025-04-14T07:55:03.306369Z",386,5.283,"Work","2025-04-14T07:55:03.306369Z"
"B-Task,O,B-Task,I-Task,I-Task,O,B-Date,O,B-Time,I-Time","plan a table at Gal's for Saturday at 5:25 a.m.",375,"1","2025-04-14T07:55:10.343549Z",387,6.706,"Personal","2025-04-14T07:55:10.343549Z"
"O,O,O,B-Task,O,B-Task,I-Task,O,B-Date,O,B-Time","don't forget to reserve the vacation tickets by today at 10:10",376,"1","2025-04-14T07:55:14.280002Z",388,3.613,"Personal","2025-04-14T07:55:14.280002Z"
"O,O,O,B-Task,I-Task,O,O,B-Date,I-Date,I-Date,O,B-Time","i have a team meeting scheduled for Sunday next week at 1:30",377,"1","2025-04-14T07:55:18.198654Z",389,3.601,"Work","2025-04-14T07:55:18.198654Z"
"B-Task,O,B-Task,I-Task,I-Task,I-Task,I-Task,O,B-Date,O,B-Time,I-Time","manage a therapist to inspect the trousers by tomorrow at two a.m.",378,"1","2025-04-14T07:55:25.420983Z",390,6.881,"Health","2025-04-14T07:55:25.420983Z"
"B-Task,I-Task,O,B-Task,I-Task,I-Task,O,O,O,O,B-Date,I-Date,O,B-Time","deal with the monthly expense summary by the deadline on apr 8th at 5:50",381,"1","2025-04-14T07:56:32.120778Z",393,46.892,"Work","2025-04-14T07:56:32.120778Z"
"B-Task,O,B-Task,I-Task,O,B-Date,I-Date,O,B-Time,I-Time","finish a dentist appointment for next Sunday at 3:15 a.m.",384,"1","2025-04-14T07:56:50.542514Z",396,2.999,"Health","2025-04-14T07:56:50.542514Z"
"O,O,O,B-Task,O,B-Task,I-Task,I-Task,O,B-Task,O,B-Time,I-Time,B-Date","i need to prepare an update mail to the team at 8:50 a.m. today",385,"1","2025-04-14T07:56:55.787603Z",397,4.584,"Work","2025-04-14T07:56:55.787603Z"
"B-Task,I-Task,I-Task,I-Task,I-Task,I-Task,I-Task,I-Task,O,O,B-Date,I-Date,I-Date","finish reading chapter 59 of networking event book until the 7th of april",386,"1","2025-04-14T07:56:59.995594Z",398,3.874,"School","2025-04-14T07:56:59.995594Z"
"B-Task,O,B-Task,I-Task,I-Task,I-Task,I-Task,O,B-Date,O,B-Time,I-Time","prepare a manager to inspect the clock by tomorrow at one pm",387,"1","2025-04-14T07:57:07.326930Z",399,6.457,"Work","2025-04-14T07:57:07.326930Z"
"O,O,O,B-Task,I-Task,O,O,B-Date,I-Date,I-Date,O,B-Time","i have a team meeting scheduled for Sunday next week at 3:00",388,"1","2025-04-14T07:57:28.035995Z",400,20.373,"Work","2025-04-14T07:57:28.035995Z"
"B-Task,O,B-Task,I-Task,O,O,O,O,B-Date,O,B-Time","buy the new headphones made by Daniel until Saturday at 1:45",391,"1","2025-04-14T10:52:24.809370Z",403,7.031,"Household","2025-04-14T10:52:24.809370Z"
"O,O,O,B-Task,I-Task,I-Task,O,O,O,B-Date,O,B-Time","I'm having a carnival with Hannah at the cafe tomorrow at noon",392,"1","2025-04-14T10:52:31.600672Z",404,6.442,"Personal","2025-04-14T10:52:31.600672Z"
"B-Task,O,B-Task,I-Task,O,B-Time,O,B-Date","read the project report by 3am on Wednesday",393,"1","2025-04-14T10:52:36.965192Z",405,5.032,"Work","2025-04-14T10:52:36.965192Z"
"O,O,O,B-Task,I-Task,I-Task,O,B-Date","i need to buy a dishes by Monday.",395,"1","2025-04-14T10:52:54.657394Z",407,4.441,"Household","2025-04-14T10:52:54.657394Z"
"B-Task,I-Task,O,B-Task,I-Task,B-Date,I-Date,I-Date","sort out my dry cleaning in 4 days",396,"1","2025-04-14T10:52:57.571649Z",408,2.581,"Household","2025-04-14T10:52:57.571649Z"
"B-Task,I-Task,I-Task,B-Date,O,B-Time,I-Time","plan fair tickets tomorrow at 7:00 pm.",397,"1","2025-04-14T10:53:02.186573Z",409,4.282,"Personal","2025-04-14T10:53:02.186573Z"
"O,O,O,B-Task,O,B-Task,I-Task,I-Task,I-Task,I-Task,O,B-Time,I-Time,B-Date","i have to submit the presentation for the project timeline at ten pm tomorrow",398,"1","2025-04-14T10:53:06.705211Z",410,3.668,"Work","2025-04-14T10:53:06.705211Z"
"B-Task,I-Task,I-Task,I-Task,I-Task,O,B-Date,I-Date,O,B-Time,I-Time","follow up Tahel's medical prescriptions on oct 24th at 9:30 a.m..",400,"1","2025-04-14T10:53:14.762403Z",412,2.678,"Health","2025-04-14T10:53:14.762403Z"
"B-Task,I-Task,I-Task,O,B-Task,O,B-Date,I-Date,O,B-Time,I-Time","prepare tickets for the fair on apr 4th at 5:50 pm.",405,"1","2025-04-14T10:53:51.691829Z",417,2.821,"Personal","2025-04-14T10:53:51.691829Z"
"B-Task,I-Task,I-Task,O,B-Task,O,B-Date,I-Date,O,B-Time","prepare lyrics for the festival on june 9th at 21:30",406,"1","2025-04-14T10:53:54.610941Z",418,2.585,"Personal","2025-04-14T10:53:54.610941Z"
"O,O,O,B-Task,O,B-Task,I-Task,I-Task,O,B-Date,O,B-Time,I-Time","remind me to prepare the physics project report before Sunday at 6:25 a.m.",407,"1","2025-04-14T10:53:58.319625Z",419,3.369,"School","2025-04-14T10:53:58.319625Z"
"B-Task,I-Task,I-Task,I-Task,O,B-Date,I-Date","prioritize Gal's party gift before may 7th",413,"1","2025-04-14T10:58:35.122073Z",425,3.837,"Personal","2025-04-14T10:58:35.122073Z"
"B-Task,O,B-Task,I-Task,I-Task,O,B-Date,O,B-Time,I-Time","call a table at John's for Monday at 9:50 pm",415,"1","2025-04-14T11:02:18.790521Z",427,220.506,"Personal","2025-04-14T11:02:18.790521Z"
"B-Task,I-Task,O,O,B-Task,O,O,B-Date,I-Date,I-Date,O,B-Time,I-Time","buy Grandpa on her tribute which is on the 22nd at 3 pm.",417,"1","2025-04-14T11:02:29.002587Z",429,4.317,"Personal","2025-04-14T11:02:29.002587Z"
"B-Task,O,B-Task,I-Task,I-Task,I-Task,I-Task,O,B-Date,O,B-Time,I-Time","analyze a photographer to inspect the garden by today at five a.m.",419,"1","2025-04-14T11:02:37.028407Z",431,3.551,"Household","2025-04-14T11:02:37.028407Z"
"B-Task,I-Task,O,B-Task,I-Task,I-Task,O,O,O,O,B-Date,I-Date,O,B-Time","sort out the monthly expense summary by the deadline on nov 7th at 5:45",420,"1","2025-04-14T11:04:08.023517Z",432,90.644,"Work","2025-04-14T11:04:08.023517Z"
"O,O,O,B-Task,O,B-Task,I-Task,I-Task,I-Task,I-Task,O,B-Time,I-Time,B-Date","i have to finalize the presentation for the panel discussion at 2 a.m. tomorrow",425,"1","2025-04-14T11:04:37.471707Z",437,13.184,"Work","2025-04-14T11:04:37.471707Z"
"B-Task,O,B-Task,I-Task,I-Task,O,B-Date,O,B-Time,I-Time","confirm a table at Lia's for Sunday at 5:10 PM",428,"1","2025-04-14T11:04:47.237956Z",440,2.903,"Personal","2025-04-14T11:04:47.237956Z"
"B-Task,I-Task,O,B-Task,I-Task,B-Date,I-Date,I-Date","follow up my dry cleaning in eleven days",431,"1","2025-04-14T11:05:00.764538Z",443,3.257,"Household","2025-04-14T11:05:00.764538Z"
"O,O,O,B-Task,O,B-Task,I-Task,I-Task,I-Task,O,B-Time,O,B-Date","i need to attend the networking event in Jessefort after 10:30 this Sunday",440,"1","2025-04-14T11:05:53.671532Z",452,7.454,"Personal","2025-04-14T11:05:53.671532Z"
"B-Task,I-Task,O,B-Task,I-Task,B-Date,I-Date,I-Date","look into my dry cleaning in 4 days",442,"1","2025-04-14T11:06:08.869438Z",454,4.159,"Household","2025-04-14T11:06:08.869438Z"
"B-Task,I-Task,O,B-Task,I-Task,B-Date,I-Date,I-Date","wrap up my dry cleaning in 10 days",443,"1","2025-04-14T11:06:16.466601Z",455,7.26,"Household","2025-04-14T11:06:16.466601Z"
"O,O,O,B-Task,I-Task,O,O,B-Date,I-Date,I-Date,O,B-Time","i have a product launch scheduled for Saturday next week at 4:10",445,"1","2025-04-14T11:07:15.874917Z",457,51.916,"Work","2025-04-14T11:07:15.874917Z"
"B-Task,I-Task,I-Task,B-Date,O,B-Time,I-Time","buy vacation tickets tomorrow at 10:50 AM.",446,"1","2025-04-14T11:07:19.813933Z",458,3.604,"Personal","2025-04-14T11:07:19.813933Z"
"B-Task,I-Task,I-Task,I-Task,I-Task,I-Task,O,B-Date,I-Date","coordinate Dror about the math quiz by next week",447,"1","2025-04-14T11:07:23.716170Z",459,3.138,"School","2025-04-14T11:07:23.716170Z"
"O,O,O,B-Task,O,B-Task,I-Task,I-Task,I-Task,O,B-Time,O,B-Date","i need to mow the physics project in Aguilarfort after 9:45 this Wednesday",448,"1","2025-04-14T11:07:28.139322Z",460,4.082,"School","2025-04-14T11:07:28.139322Z"
"B-Task,I-Task,I-Task,I-Task,O,B-Date,I-Date","call Grandpa's festival gift before jul 20th",449,"1","2025-04-14T11:07:32.418747Z",461,3.362,"Personal","2025-04-14T11:07:32.418747Z"
"O,O,B-Task,I-Task,I-Task,I-Task,I-Task,I-Task,I-Task,O,B-Date,I-Date,O,B-Time","Need to review the gym bag before the demonstration on march 12th at 3:15",450,"1","2025-04-14T11:07:36.782444Z",462,4.02,"Personal","2025-04-14T11:07:36.782444Z"
"B-Task,O,B-Task,I-Task,O,B-Date,I-Date,O,B-Time","test a architect appointment on feb 21st around noon",452,"1","2025-04-14T11:07:47.258276Z",464,6.327,"Household","2025-04-14T11:07:47.258276Z"
"B-Task,O,B-Task,I-Task,I-Task,I-Task,B-Date,I-Date","finalize the new summary about onboarding next Wednesday",454,"1","2025-04-14T11:08:44.227270Z",466,5.024,"Personal","2025-04-14T11:08:44.227270Z"
"B-Task,I-Task,O,B-Task,I-Task,B-Date,I-Date,I-Date","pick up my dry cleaning in eight days",456,"1","2025-04-14T11:08:53.382158Z",468,2.697,"Household","2025-04-14T11:08:53.382158Z"
"B-Task,I-Task,I-Task,O,B-Time,I-Time,B-Date,O,O,O","share the garden before 9 a.m. tomorrow and then share",457,"1","2025-04-14T11:08:57.990445Z",469,4.269,"Household","2025-04-14T11:08:57.990445Z"
"B-Task,O,B-Task,I-Task,I-Task,I-Task,I-Task,O,B-Date,I-Date,O,B-Time","return the paper tray clock to Noam by next Monday at 9p.m.",464,"1","2025-04-14T11:10:19.773081Z",476,12.424,"School","2025-04-14T11:10:19.774078Z"
"B-Task,O,B-Task,I-Task,O,B-Date,I-Date,O,B-Time,I-Time","update the sales report by the 6th at 4:30 p.m.",466,"1","2025-04-14T11:10:30.254484Z",478,3.496,"Work","2025-04-14T11:10:30.254484Z"
"O,O,O,B-Task,I-Task,I-Task,O,O,O,O,O,B-Date","i need to coordinate chapter 10 of the biology textbook by Wednesday.",468,"1","2025-04-14T11:11:57.890049Z",480,3.721,"School","2025-04-14T11:11:57.890049Z"
"O,O,O,B-Task,O,B-Task,I-Task,O,B-Date,O,B-Time","don't forget to email the birthday tickets by today at 11:50",469,"1","2025-04-14T11:12:02.312735Z",481,3.185,"Personal","2025-04-14T11:12:02.312735Z"
"O,O,O,B-Task,O,B-Task,I-Task,I-Task,O,B-Task,O,B-Time,I-Time,B-Date","i need to send an update mail to the team at 5:00 am today",472,"1","2025-04-14T11:13:00.291456Z",484,50.158,"Work","2025-04-14T11:13:00.291456Z"
"B-Task,O,B-Task,I-Task,O,B-Task,I-Task,O,O,O,B-Date,O,B-Time","schedule a taxi for the networking event on Friday by today at 12:50",478,"1","2025-04-14T11:13:38.888677Z",490,6.946,"Personal","2025-04-14T11:13:38.888677Z"
"B-Task,O,B-Task,I-Task,I-Task,I-Task,B-Date,I-Date","complete the new note about onboarding next Thursday",479,"1","2025-04-14T11:14:10.951488Z",491,31.706,"School","2025-04-14T11:14:10.951488Z"
"B-Task,I-Task,I-Task,I-Task,I-Task,O,B-Date,I-Date,O,B-Time,I-Time","drop off Gal's medical prescriptions on jul 25th at 7:50 AM.",480,"1","2025-04-14T11:14:17.891758Z",492,6.571,"Health","2025-04-14T11:14:17.891758Z"
"B-Task,I-Task,O,O,B-Task,O,O,B-Date,I-Date,I-Date","watch Noa for his birthday which is tomorrow next week",482,"1","2025-04-14T11:14:52.269197Z",494,3.341,"Personal","2025-04-14T11:14:52.269197Z"
"B-Task,O,B-Task,B-Date","manage the slide tomorrow",483,"1","2025-04-14T11:14:57.954167Z",495,5.329,"School","2025-04-14T11:14:57.954167Z"
"B-Task,O,B-Task,I-Task,O,B-Time,O,B-Date","reserve the project report by 9a.m. on Wednesday",484,"1","2025-04-14T11:15:01.897613Z",496,3.583,"Work","2025-04-14T11:15:01.897613Z"
"B-Task,I-Task,I-Task,I-Task,O,B-Date,I-Date","prioritize Mom's parade gift before april 15th",488,"1","2025-04-14T11:15:24.090483Z",500,3.862,"Personal","2025-04-14T11:15:24.091480Z"
"B-Task,O,B-Task,I-Task,I-Task,I-Task,I-Task,O,B-Date,I-Date,O,B-Time","return the hand mirror notebook to John by next Wednesday at 11PM",489,"1","2025-04-14T11:15:38.608955Z",501,13.835,"School","2025-04-14T11:15:38.608955Z"
"B-Task,I-Task,I-Task,O,B-Task,O,B-Date,I-Date,O,B-Time","confirm lyrics for the gathering on jan 20th at 21:30",491,"1","2025-04-14T11:16:24.917618Z",503,3.013,"Personal","2025-04-14T11:16:24.917618Z"
"B-Task,O,B-Task,I-Task,I-Task,I-Task,O,B-Date,O,B-Time,I-Time","email the report and email it by Tuesday at four PM",493,"1","2025-04-14T11:16:33.424026Z",505,4.059,"Work","2025-04-14T11:16:33.424026Z"
"B-Task,I-Task,O,O,B-Task,O,O,B-Date,I-Date,I-Date,O,B-Time,I-Time","add Ron on her graduation which is on the 8th at four pm.",494,"1","2025-04-14T11:16:39.951167Z",506,6.177,"Personal","2025-04-14T11:16:39.951167Z"
"O,O,O,B-Task,O,B-Task,I-Task,I-Task,O,B-Task,O,B-Time,I-Time,B-Date","i need to watch an update mail to the team at 10:00 p.m. tomorrow",498,"1","2025-04-14T11:17:01.328527Z",510,9.159,"Work","2025-04-14T11:17:01.328527Z"
"O,O,O,B-Task,O,B-Task,I-Task,I-Task,I-Task,I-Task,O,B-Time,I-Time,B-Date","i have to schedule the presentation for the press conference at 4 p.m. today",501,"1","2025-04-14T11:17:52.305776Z",513,32.487,"Work","2025-04-14T11:17:52.305776Z"
"O,O,O,B-Task,I-Task,I-Task,O,O,O,O,O,B-Date","i need to test chapter 6 of the biology textbook by Thursday.",502,"1","2025-04-14T11:17:57.153470Z",514,4.038,"School","2025-04-14T11:17:57.153470Z"
"B-Task,I-Task,O,O,B-Task,O,O,B-Date,I-Date,I-Date","complete Noa for his demonstration which is today next week",504,"1","2025-04-14T11:18:09.686010Z",516,7.107,"Personal","2025-04-14T11:18:09.686010Z"
"O,B-Date,I-Date,O,B-Time,B-Task,O,B-Task,I-Task,I-Task","on oct 9th at 12 finish the project physics project",507,"1","2025-04-14T11:20:05.185112Z",519,15.42,"School","2025-04-14T11:20:05.185112Z"
"O,O,O,B-Task,I-Task,I-Task,O,B-Date","i need to prepare a garden by Monday.",508,"1","2025-04-14T11:20:08.820912Z",520,3.273,"Household","2025-04-14T11:20:08.820912Z"
"B-Task,I-Task,I-Task,O,B-Task,O,B-Date,I-Date,O,B-Time,I-Time","complete tickets for the wedding on sep 28th at 1:20 PM.",511,"1","2025-04-14T11:36:27.556146Z",523,3.611,"Personal","2025-04-14T11:36:27.557144Z"
"O,O,O,B-Task,I-Task,I-Task,O,O,O,B-Date,O,B-Time","I'm having a observance with Lia at the cafe tomorrow at noon",512,"1","2025-04-14T11:36:31.342317Z",524,3.18,"Personal","2025-04-14T11:36:31.342317Z"
"B-Task,I-Task,O,O,B-Task,O,O,B-Date,I-Date,I-Date","plan Noam for his party which is tomorrow next week",513,"1","2025-04-14T11:36:34.834806Z",525,3.142,"Personal","2025-04-14T11:36:34.834806Z"
"B-Date,O,O,O,B-Task,O,B-Task,I-Task,O,B-Task,I-Task","today i have to prepare the slide for the oct lunch",514,"1","2025-04-14T11:36:43.485152Z",526,8.292,"Work","2025-04-14T11:36:43.485152Z"
"B-Task,I-Task,I-Task,I-Task,O,B-Task,O,O,O,O,O,B-Date,O,B-Time","buy a rideshare for the webinar which is on Monday by today at 5:10",523,"1","2025-04-14T11:37:51.000356Z",535,5.071,"Personal","2025-04-14T11:37:51.000356Z"
"B-Task,O,B-Task,I-Task,I-Task,O,B-Date,O,B-Time,I-Time","design a table at Dad's for Friday at 4:40 p.m.",524,"1","2025-04-14T11:38:06.291788Z",536,14.926,"Personal","2025-04-14T11:38:06.291788Z"
"B-Task,I-Task,O,O,B-Task,O,O,B-Date,I-Date,I-Date","organize Ron for his shopping which is tomorrow next week",526,"1","2025-04-14T11:38:20.288929Z",538,4.554,"Personal","2025-04-14T11:38:20.288929Z"
"B-Task,I-Task,I-Task,I-Task,I-Task,I-Task,I-Task,I-Task,O,O,B-Date,I-Date,I-Date","finish reading chapter 34 of panel discussion book until the 14th of may",527,"1","2025-04-14T11:38:24.475351Z",539,3.823,"School","2025-04-14T11:38:24.476349Z"
"B-Task,I-Task,O,B-Task,I-Task,O,B-Date","arrange for the product launch on Sunday",529,"1","2025-04-14T11:38:32.538478Z",541,3.984,"Work","2025-04-14T11:38:32.538478Z"
"O,O,O,B-Task,O,B-Task,I-Task,I-Task,O,B-Date,O,B-Time,I-Time","remind me to email the project timeline report before Thursday at 11:30 pm",535,"1","2025-04-14T11:41:29.256177Z",547,3.701,"Work","2025-04-14T11:41:29.256177Z"
"B-Task,I-Task,I-Task,I-Task,I-Task,O,B-Date,I-Date,O,B-Time,I-Time","go through Dror's medical prescriptions on feb 8th at 9:40 pm.",536,"1","2025-04-14T11:41:32.071199Z",548,2.444,"Health","2025-04-14T11:41:32.071199Z"
"B-Task,I-Task,O,B-Task,I-Task,I-Task,I-Task,I-Task,O,B-Task,O,B-Date,O,B-Time","drop off the computer that Courtney needs for the tribute happening tomorrow at 5:00a.m.",538,"1","2025-04-14T11:41:44.505022Z",550,6.764,"Personal","2025-04-14T11:41:44.505022Z"
"B-Task,I-Task,B-Date,I-Date,I-Date,O,B-Time","send John in 1 days around 19",540,"1","2025-04-14T11:41:54.419210Z",552,4.082,"Personal","2025-04-14T11:41:54.419210Z"
"B-Task,O,B-Task,B-Date","review the phone today",541,"1","2025-04-14T11:41:59.793869Z",553,4.984,"Work","2025-04-14T11:41:59.793869Z"
"B-Task,I-Task,O,B-Task,I-Task,B-Date,I-Date,I-Date","check out my dry cleaning in 4 days",542,"1","2025-04-14T11:42:03.891645Z",554,3.743,"Household","2025-04-14T11:42:03.891645Z"
"B-Task,O,B-Task,I-Task,O,B-Date,I-Date,O,B-Time,I-Time","add the ice cream by the 14th at 12:00 p.m.",543,"1","2025-04-14T11:42:09.833594Z",555,5.589,"Household","2025-04-14T11:42:09.833594Z"
"B-Task,I-Task,I-Task,O,B-Task,O,B-Date,I-Date,O,B-Time,I-Time","organize tickets for the flight on august 14th at 10:20 a.m..",544,"1","2025-04-14T11:42:13.012858Z",556,2.81,"Personal","2025-04-14T11:42:13.012858Z"
"B-Task,I-Task,I-Task,O,B-Task,O,B-Date,I-Date,O,B-Time,I-Time","add tickets for the protest on november 31st at 9:15 p.m..",546,"1","2025-04-14T11:42:20.921957Z",558,3.478,"Personal","2025-04-14T11:42:20.921957Z"
"B-Task,O,B-Task,I-Task,O,B-Date,I-Date,O,B-Time","submit a architect appointment on march 26th around noon",547,"1","2025-04-14T11:42:26.239151Z",559,4.765,"Personal","2025-04-14T11:42:26.240142Z"
"B-Task,O,B-Task,I-Task,O,B-Task,I-Task,O,O,O,B-Date,O,B-Time","schedule a taxi for the press conference on Tuesday by tomorrow at 1:25",549,"1","2025-04-14T11:42:35.917685Z",561,3.102,"Work","2025-04-14T11:42:35.917685Z"
"B-Task,I-Task,O,B-Task,I-Task,I-Task,O,O,O,O,B-Date,I-Date,O,B-Time","go through the monthly expense summary by the deadline on december 7th at 8:50",550,"1","2025-04-14T11:42:39.611505Z",562,3.332,"Work","2025-04-14T11:42:39.611505Z"
"O,O,O,B-Task,O,B-Task,I-Task,I-Task,I-Task,O,B-Time,O,B-Date","i need to update the networking event in Jasonmouth after 11:45 this Monday",552,"1","2025-04-14T11:42:49.507024Z",564,4.82,"Work","2025-04-14T11:42:49.507024Z"
"B-Task,I-Task,I-Task,I-Task,I-Task,I-Task,O,B-Date,I-Date","finalize Shani about the physics project by next week",554,"1","2025-04-14T11:42:57.306961Z",566,3.508,"School","2025-04-14T11:42:57.306961Z"
"B-Task,I-Task,I-Task,I-Task,I-Task,I-Task,O,B-Time,B-Date,I-Date,I-Date","study Dana to study the computer by midnight on the 14th",556,"1","2025-04-14T11:43:05.690208Z",568,4.184,"School","2025-04-14T11:43:05.690208Z"
"O,O,O,B-Task,I-Task,I-Task,O,O,O,B-Date,O,B-Time","I'm having a movie with Dror at the cafe tomorrow at noon",557,"1","2025-04-14T11:43:15.060287Z",569,8.99,"Personal","2025-04-14T11:43:15.060287Z"
